{"cameraMode":{"drawMode":0,"name":"Shaded","section":"Shading Mode"},"sceneLighting":false,"audioPlay":false,"sceneViewState":{"m_AlwaysRefresh":false,"showFog":true,"showSkybox":false,"showFlares":true,"showImageEffects":true,"showParticleSystems":true,"showVisualEffectGraphs":true,"m_FxEnabled":true},"in2DMode":false,"pivot":{"x":0.0042514801025390629,"y":-0.0613255500793457,"z":-0.010854959487915039},"rotation":{"x":-0.06398489326238632,"y":0.9178098440170288,"z":-0.35525593161582949,"w":-0.16530638933181764},"size":6.353501319885254,"orthographic":false}